--
-- PostgreSQL database dump
--

-- Dumped from database version 12.9 (Ubuntu 12.9-2.pgdg20.04+1)
-- Dumped by pg_dump version 12.9 (Ubuntu 12.9-2.pgdg20.04+1)

SET statement_timeout = 0;
SET lock_timeout = 0;
SET idle_in_transaction_session_timeout = 0;
SET client_encoding = 'UTF8';
SET standard_conforming_strings = on;
SELECT pg_catalog.set_config('search_path', '', false);
SET check_function_bodies = false;
SET xmloption = content;
SET client_min_messages = warning;
SET row_security = off;

DROP DATABASE universe;
--
-- Name: universe; Type: DATABASE; Schema: -; Owner: freecodecamp
--

CREATE DATABASE universe WITH TEMPLATE = template0 ENCODING = 'UTF8' LC_COLLATE = 'C.UTF-8' LC_CTYPE = 'C.UTF-8';


ALTER DATABASE universe OWNER TO freecodecamp;

\connect universe

SET statement_timeout = 0;
SET lock_timeout = 0;
SET idle_in_transaction_session_timeout = 0;
SET client_encoding = 'UTF8';
SET standard_conforming_strings = on;
SELECT pg_catalog.set_config('search_path', '', false);
SET check_function_bodies = false;
SET xmloption = content;
SET client_min_messages = warning;
SET row_security = off;

SET default_tablespace = '';

SET default_table_access_method = heap;

--
-- Name: galaxy; Type: TABLE; Schema: public; Owner: freecodecamp
--

CREATE TABLE public.galaxy (
    galaxy_id integer NOT NULL,
    name character varying(30) NOT NULL,
    distance_to_earth numeric,
    weight integer,
    radius integer NOT NULL,
    description text
);


ALTER TABLE public.galaxy OWNER TO freecodecamp;

--
-- Name: galaxy_galaxy_id_seq; Type: SEQUENCE; Schema: public; Owner: freecodecamp
--

CREATE SEQUENCE public.galaxy_galaxy_id_seq
    AS integer
    START WITH 1
    INCREMENT BY 1
    NO MINVALUE
    NO MAXVALUE
    CACHE 1;


ALTER TABLE public.galaxy_galaxy_id_seq OWNER TO freecodecamp;

--
-- Name: galaxy_galaxy_id_seq; Type: SEQUENCE OWNED BY; Schema: public; Owner: freecodecamp
--

ALTER SEQUENCE public.galaxy_galaxy_id_seq OWNED BY public.galaxy.galaxy_id;


--
-- Name: moon; Type: TABLE; Schema: public; Owner: freecodecamp
--

CREATE TABLE public.moon (
    moon_id integer NOT NULL,
    name character varying(30) NOT NULL,
    distance_to_earth numeric,
    weight integer,
    radius integer NOT NULL,
    description text,
    has_life boolean,
    is_spherical boolean
);


ALTER TABLE public.moon OWNER TO freecodecamp;

--
-- Name: moon_moon_id_seq; Type: SEQUENCE; Schema: public; Owner: freecodecamp
--

CREATE SEQUENCE public.moon_moon_id_seq
    AS integer
    START WITH 1
    INCREMENT BY 1
    NO MINVALUE
    NO MAXVALUE
    CACHE 1;


ALTER TABLE public.moon_moon_id_seq OWNER TO freecodecamp;

--
-- Name: moon_moon_id_seq; Type: SEQUENCE OWNED BY; Schema: public; Owner: freecodecamp
--

ALTER SEQUENCE public.moon_moon_id_seq OWNED BY public.moon.moon_id;


--
-- Name: planet; Type: TABLE; Schema: public; Owner: freecodecamp
--

CREATE TABLE public.planet (
    planet_id integer NOT NULL,
    name character varying(30) NOT NULL,
    distance_to_earth numeric,
    weight integer,
    radius integer NOT NULL,
    description text,
    star_id integer NOT NULL
);


ALTER TABLE public.planet OWNER TO freecodecamp;

--
-- Name: planet_planet_id_seq; Type: SEQUENCE; Schema: public; Owner: freecodecamp
--

CREATE SEQUENCE public.planet_planet_id_seq
    AS integer
    START WITH 1
    INCREMENT BY 1
    NO MINVALUE
    NO MAXVALUE
    CACHE 1;


ALTER TABLE public.planet_planet_id_seq OWNER TO freecodecamp;

--
-- Name: planet_planet_id_seq; Type: SEQUENCE OWNED BY; Schema: public; Owner: freecodecamp
--

ALTER SEQUENCE public.planet_planet_id_seq OWNED BY public.planet.planet_id;


--
-- Name: planet_star_id_seq; Type: SEQUENCE; Schema: public; Owner: freecodecamp
--

CREATE SEQUENCE public.planet_star_id_seq
    AS integer
    START WITH 1
    INCREMENT BY 1
    NO MINVALUE
    NO MAXVALUE
    CACHE 1;


ALTER TABLE public.planet_star_id_seq OWNER TO freecodecamp;

--
-- Name: planet_star_id_seq; Type: SEQUENCE OWNED BY; Schema: public; Owner: freecodecamp
--

ALTER SEQUENCE public.planet_star_id_seq OWNED BY public.planet.star_id;


--
-- Name: space_ship; Type: TABLE; Schema: public; Owner: freecodecamp
--

CREATE TABLE public.space_ship (
    space_ship_id integer NOT NULL,
    name character varying(30) NOT NULL,
    gas_tank integer NOT NULL
);


ALTER TABLE public.space_ship OWNER TO freecodecamp;

--
-- Name: space_ship_space_ship_id_seq; Type: SEQUENCE; Schema: public; Owner: freecodecamp
--

CREATE SEQUENCE public.space_ship_space_ship_id_seq
    AS integer
    START WITH 1
    INCREMENT BY 1
    NO MINVALUE
    NO MAXVALUE
    CACHE 1;


ALTER TABLE public.space_ship_space_ship_id_seq OWNER TO freecodecamp;

--
-- Name: space_ship_space_ship_id_seq; Type: SEQUENCE OWNED BY; Schema: public; Owner: freecodecamp
--

ALTER SEQUENCE public.space_ship_space_ship_id_seq OWNED BY public.space_ship.space_ship_id;


--
-- Name: star; Type: TABLE; Schema: public; Owner: freecodecamp
--

CREATE TABLE public.star (
    star_id integer NOT NULL,
    name character varying(30) NOT NULL,
    distance_to_earth numeric,
    weight integer,
    radius integer NOT NULL,
    description text,
    galaxy_id integer NOT NULL
);


ALTER TABLE public.star OWNER TO freecodecamp;

--
-- Name: star_galaxy_id_seq; Type: SEQUENCE; Schema: public; Owner: freecodecamp
--

CREATE SEQUENCE public.star_galaxy_id_seq
    AS integer
    START WITH 1
    INCREMENT BY 1
    NO MINVALUE
    NO MAXVALUE
    CACHE 1;


ALTER TABLE public.star_galaxy_id_seq OWNER TO freecodecamp;

--
-- Name: star_galaxy_id_seq; Type: SEQUENCE OWNED BY; Schema: public; Owner: freecodecamp
--

ALTER SEQUENCE public.star_galaxy_id_seq OWNED BY public.star.galaxy_id;


--
-- Name: star_star_id_seq; Type: SEQUENCE; Schema: public; Owner: freecodecamp
--

CREATE SEQUENCE public.star_star_id_seq
    AS integer
    START WITH 1
    INCREMENT BY 1
    NO MINVALUE
    NO MAXVALUE
    CACHE 1;


ALTER TABLE public.star_star_id_seq OWNER TO freecodecamp;

--
-- Name: star_star_id_seq; Type: SEQUENCE OWNED BY; Schema: public; Owner: freecodecamp
--

ALTER SEQUENCE public.star_star_id_seq OWNED BY public.star.star_id;


--
-- Name: galaxy galaxy_id; Type: DEFAULT; Schema: public; Owner: freecodecamp
--

ALTER TABLE ONLY public.galaxy ALTER COLUMN galaxy_id SET DEFAULT nextval('public.galaxy_galaxy_id_seq'::regclass);


--
-- Name: moon moon_id; Type: DEFAULT; Schema: public; Owner: freecodecamp
--

ALTER TABLE ONLY public.moon ALTER COLUMN moon_id SET DEFAULT nextval('public.moon_moon_id_seq'::regclass);


--
-- Name: planet planet_id; Type: DEFAULT; Schema: public; Owner: freecodecamp
--

ALTER TABLE ONLY public.planet ALTER COLUMN planet_id SET DEFAULT nextval('public.planet_planet_id_seq'::regclass);


--
-- Name: planet star_id; Type: DEFAULT; Schema: public; Owner: freecodecamp
--

ALTER TABLE ONLY public.planet ALTER COLUMN star_id SET DEFAULT nextval('public.planet_star_id_seq'::regclass);


--
-- Name: space_ship space_ship_id; Type: DEFAULT; Schema: public; Owner: freecodecamp
--

ALTER TABLE ONLY public.space_ship ALTER COLUMN space_ship_id SET DEFAULT nextval('public.space_ship_space_ship_id_seq'::regclass);


--
-- Name: star star_id; Type: DEFAULT; Schema: public; Owner: freecodecamp
--

ALTER TABLE ONLY public.star ALTER COLUMN star_id SET DEFAULT nextval('public.star_star_id_seq'::regclass);


--
-- Name: star galaxy_id; Type: DEFAULT; Schema: public; Owner: freecodecamp
--

ALTER TABLE ONLY public.star ALTER COLUMN galaxy_id SET DEFAULT nextval('public.star_galaxy_id_seq'::regclass);


--
-- Data for Name: galaxy; Type: TABLE DATA; Schema: public; Owner: freecodecamp
--

INSERT INTO public.galaxy VALUES (1, 'pluto', NULL, NULL, 20000, NULL);
INSERT INTO public.galaxy VALUES (2, 'mars', NULL, NULL, 21000, NULL);
INSERT INTO public.galaxy VALUES (3, 'venus', NULL, NULL, 22000, NULL);
INSERT INTO public.galaxy VALUES (4, 'jupiter', NULL, NULL, 22500, NULL);
INSERT INTO public.galaxy VALUES (5, 'earth', NULL, NULL, 23500, NULL);
INSERT INTO public.galaxy VALUES (6, 'uranus', NULL, NULL, 29500, NULL);
INSERT INTO public.galaxy VALUES (7, 'neptun', NULL, NULL, 59500, NULL);


--
-- Data for Name: moon; Type: TABLE DATA; Schema: public; Owner: freecodecamp
--

INSERT INTO public.moon VALUES (1, 'moon1', NULL, NULL, 210, NULL, NULL, NULL);
INSERT INTO public.moon VALUES (2, 'moon2', NULL, NULL, 210, NULL, NULL, NULL);
INSERT INTO public.moon VALUES (3, 'moon3', NULL, NULL, 210, NULL, NULL, NULL);
INSERT INTO public.moon VALUES (4, 'moon4', NULL, NULL, 210, NULL, NULL, NULL);
INSERT INTO public.moon VALUES (5, 'moon5', NULL, NULL, 210, NULL, NULL, NULL);
INSERT INTO public.moon VALUES (6, 'moon6', NULL, NULL, 210, NULL, NULL, NULL);
INSERT INTO public.moon VALUES (7, 'moon7', NULL, NULL, 210, NULL, NULL, NULL);
INSERT INTO public.moon VALUES (8, 'moon8', NULL, NULL, 210, NULL, NULL, NULL);
INSERT INTO public.moon VALUES (9, 'moon9', NULL, NULL, 210, NULL, NULL, NULL);
INSERT INTO public.moon VALUES (10, 'moon10', NULL, NULL, 210, NULL, NULL, NULL);
INSERT INTO public.moon VALUES (11, 'moon11', NULL, NULL, 210, NULL, NULL, NULL);
INSERT INTO public.moon VALUES (12, 'moon12', NULL, NULL, 210, NULL, NULL, NULL);
INSERT INTO public.moon VALUES (13, 'moon13', NULL, NULL, 210, NULL, NULL, NULL);
INSERT INTO public.moon VALUES (14, 'moon14', NULL, NULL, 210, NULL, NULL, NULL);
INSERT INTO public.moon VALUES (15, 'moon15', NULL, NULL, 210, NULL, NULL, NULL);
INSERT INTO public.moon VALUES (16, 'moon16', NULL, NULL, 210, NULL, NULL, NULL);
INSERT INTO public.moon VALUES (17, 'moon17', NULL, NULL, 210, NULL, NULL, NULL);
INSERT INTO public.moon VALUES (18, 'moon18', NULL, NULL, 210, NULL, NULL, NULL);
INSERT INTO public.moon VALUES (19, 'moon19', NULL, NULL, 210, NULL, NULL, NULL);
INSERT INTO public.moon VALUES (20, 'moon20', NULL, NULL, 210, NULL, NULL, NULL);


--
-- Data for Name: planet; Type: TABLE DATA; Schema: public; Owner: freecodecamp
--

INSERT INTO public.planet VALUES (1, 'uschi', NULL, NULL, 2784, NULL, 1);
INSERT INTO public.planet VALUES (2, 'uschi1', NULL, NULL, 4784, NULL, 2);
INSERT INTO public.planet VALUES (3, 'uschi2', NULL, NULL, 4684, NULL, 3);
INSERT INTO public.planet VALUES (4, 'uschi3', NULL, NULL, 4184, NULL, 4);
INSERT INTO public.planet VALUES (5, 'uschi4', NULL, NULL, 7184, NULL, 5);
INSERT INTO public.planet VALUES (6, 'uschi5', NULL, NULL, 71184, NULL, 6);
INSERT INTO public.planet VALUES (8, 'uschi6', NULL, NULL, 71784, NULL, 1);
INSERT INTO public.planet VALUES (9, 'uschi7', NULL, NULL, 7124, NULL, 2);
INSERT INTO public.planet VALUES (10, 'uschi8', NULL, NULL, 12124, NULL, 3);
INSERT INTO public.planet VALUES (12, 'uschi9', NULL, NULL, 529, NULL, 5);
INSERT INTO public.planet VALUES (13, 'uschi10', NULL, NULL, 5294, NULL, 6);
INSERT INTO public.planet VALUES (15, 'uschi11', NULL, NULL, 54594, NULL, 1);
INSERT INTO public.planet VALUES (16, 'uschi12', NULL, NULL, 77594, NULL, 2);


--
-- Data for Name: space_ship; Type: TABLE DATA; Schema: public; Owner: freecodecamp
--

INSERT INTO public.space_ship VALUES (1, 'starflight1', 1000);
INSERT INTO public.space_ship VALUES (2, 'starflight2', 1050);
INSERT INTO public.space_ship VALUES (3, 'starflight3', 1302);


--
-- Data for Name: star; Type: TABLE DATA; Schema: public; Owner: freecodecamp
--

INSERT INTO public.star VALUES (1, 'julian', NULL, NULL, 200, NULL, 1);
INSERT INTO public.star VALUES (2, 'janina', NULL, NULL, 100, NULL, 2);
INSERT INTO public.star VALUES (3, 'daniel', NULL, NULL, 150, NULL, 3);
INSERT INTO public.star VALUES (4, 'Martin', NULL, NULL, 245, NULL, 4);
INSERT INTO public.star VALUES (5, 'Manuel', NULL, NULL, 285, NULL, 5);
INSERT INTO public.star VALUES (6, 'Max', NULL, NULL, 185, NULL, 6);


--
-- Name: galaxy_galaxy_id_seq; Type: SEQUENCE SET; Schema: public; Owner: freecodecamp
--

SELECT pg_catalog.setval('public.galaxy_galaxy_id_seq', 7, true);


--
-- Name: moon_moon_id_seq; Type: SEQUENCE SET; Schema: public; Owner: freecodecamp
--

SELECT pg_catalog.setval('public.moon_moon_id_seq', 20, true);


--
-- Name: planet_planet_id_seq; Type: SEQUENCE SET; Schema: public; Owner: freecodecamp
--

SELECT pg_catalog.setval('public.planet_planet_id_seq', 16, true);


--
-- Name: planet_star_id_seq; Type: SEQUENCE SET; Schema: public; Owner: freecodecamp
--

SELECT pg_catalog.setval('public.planet_star_id_seq', 1, false);


--
-- Name: space_ship_space_ship_id_seq; Type: SEQUENCE SET; Schema: public; Owner: freecodecamp
--

SELECT pg_catalog.setval('public.space_ship_space_ship_id_seq', 3, true);


--
-- Name: star_galaxy_id_seq; Type: SEQUENCE SET; Schema: public; Owner: freecodecamp
--

SELECT pg_catalog.setval('public.star_galaxy_id_seq', 1, false);


--
-- Name: star_star_id_seq; Type: SEQUENCE SET; Schema: public; Owner: freecodecamp
--

SELECT pg_catalog.setval('public.star_star_id_seq', 6, true);


--
-- Name: galaxy galaxy_description_key; Type: CONSTRAINT; Schema: public; Owner: freecodecamp
--

ALTER TABLE ONLY public.galaxy
    ADD CONSTRAINT galaxy_description_key UNIQUE (description);


--
-- Name: galaxy galaxy_name_key; Type: CONSTRAINT; Schema: public; Owner: freecodecamp
--

ALTER TABLE ONLY public.galaxy
    ADD CONSTRAINT galaxy_name_key UNIQUE (name);


--
-- Name: galaxy galaxy_pkey; Type: CONSTRAINT; Schema: public; Owner: freecodecamp
--

ALTER TABLE ONLY public.galaxy
    ADD CONSTRAINT galaxy_pkey PRIMARY KEY (galaxy_id);


--
-- Name: moon moon_description_key; Type: CONSTRAINT; Schema: public; Owner: freecodecamp
--

ALTER TABLE ONLY public.moon
    ADD CONSTRAINT moon_description_key UNIQUE (description);


--
-- Name: moon moon_name_key; Type: CONSTRAINT; Schema: public; Owner: freecodecamp
--

ALTER TABLE ONLY public.moon
    ADD CONSTRAINT moon_name_key UNIQUE (name);


--
-- Name: moon moon_pkey; Type: CONSTRAINT; Schema: public; Owner: freecodecamp
--

ALTER TABLE ONLY public.moon
    ADD CONSTRAINT moon_pkey PRIMARY KEY (moon_id);


--
-- Name: planet planet_description_key; Type: CONSTRAINT; Schema: public; Owner: freecodecamp
--

ALTER TABLE ONLY public.planet
    ADD CONSTRAINT planet_description_key UNIQUE (description);


--
-- Name: planet planet_name_key; Type: CONSTRAINT; Schema: public; Owner: freecodecamp
--

ALTER TABLE ONLY public.planet
    ADD CONSTRAINT planet_name_key UNIQUE (name);


--
-- Name: planet planet_pkey; Type: CONSTRAINT; Schema: public; Owner: freecodecamp
--

ALTER TABLE ONLY public.planet
    ADD CONSTRAINT planet_pkey PRIMARY KEY (planet_id);


--
-- Name: space_ship space_ship_name_key; Type: CONSTRAINT; Schema: public; Owner: freecodecamp
--

ALTER TABLE ONLY public.space_ship
    ADD CONSTRAINT space_ship_name_key UNIQUE (name);


--
-- Name: space_ship space_ship_pkey; Type: CONSTRAINT; Schema: public; Owner: freecodecamp
--

ALTER TABLE ONLY public.space_ship
    ADD CONSTRAINT space_ship_pkey PRIMARY KEY (space_ship_id);


--
-- Name: star star_description_key; Type: CONSTRAINT; Schema: public; Owner: freecodecamp
--

ALTER TABLE ONLY public.star
    ADD CONSTRAINT star_description_key UNIQUE (description);


--
-- Name: star star_name_key; Type: CONSTRAINT; Schema: public; Owner: freecodecamp
--

ALTER TABLE ONLY public.star
    ADD CONSTRAINT star_name_key UNIQUE (name);


--
-- Name: star star_pkey; Type: CONSTRAINT; Schema: public; Owner: freecodecamp
--

ALTER TABLE ONLY public.star
    ADD CONSTRAINT star_pkey PRIMARY KEY (star_id);


--
-- Name: planet planet_star_id_fkey; Type: FK CONSTRAINT; Schema: public; Owner: freecodecamp
--

ALTER TABLE ONLY public.planet
    ADD CONSTRAINT planet_star_id_fkey FOREIGN KEY (star_id) REFERENCES public.star(star_id);


--
-- Name: star star_galaxy_id_fkey; Type: FK CONSTRAINT; Schema: public; Owner: freecodecamp
--

ALTER TABLE ONLY public.star
    ADD CONSTRAINT star_galaxy_id_fkey FOREIGN KEY (galaxy_id) REFERENCES public.galaxy(galaxy_id);


--
-- PostgreSQL database dump complete
--

